1182.34,3193.54,0,53,30,33,43,42,44,38,26,20,21,22,26,38,39,27,26,38,44,46,45,34
1322.28,3197.81,0,53,52,18,19,33,30,18,52,53,0,31,35,46,45,43,42,44,38,26,27,23
1899.76,3208.05,0,1,2,17,16,32,1,2,17,16,32,36,47,49,40,41,29,25,24,28,29,12
3207.98,667.71,8,9,10,11,12,29,41,40,28,27,26,20,21,22,23,27,28,29,25,24,23,27
3209.10,695.69,8,9,10,11,25,29,12,9,10,11,25,29,41,40,28,29,12,11,25,29,41,40
3218.62,768.99,9,8,13,41,47,36,35,46,44,38,37,42,44,46,35,36,15,16,32,1,2,17
3218.07,755.00,9,8,7,14,15,16,17,2,1,32,36,47,41,29,12,9,8,13,41,47,14,15
3213.61,643.09,9,8,7,6,15,36,32,16,15,6,5,16,32,31,30,33,43,45,46,44,38,37
3210.82,573.14,9,8,13,41,40,49,48,39,40,49,48,44,42,43,45,46,35,31,32,1,2,17
3208.59,517.19,9,8,13,14,47,49,40,39,27,23,24,25,29,41,40,49,48,39,40,41,13,12
3206.92,475.22,9,8,13,12,11,10,9,12,11,10,9,12,11,10,9,8,7,14,13,12,11,10
2569.79,531.53,9,12,29,41,40,28,27,39,48,49,51,50,48,49,51,50,48,39,40,41,29,12
2681.30,521.05,9,12,29,41,13,12,11,25,24,28,40,39,27,26,38,39,27,26,22,21,20,19
1745.82,3204.03,0,1,32,36,35,46,45,34,33,19,20,26,27,23,22,21,20,26,27,28,29,25
2918.25,498.79,9,12,13,41,40,49,48,44,38,26,27,23,24,28,40,49,47,41,40,49,51,50
3001.58,487.65,9,12,29,25,24,23,22,21,20,19,33,34,35,46,44,48,39,40,49,47,41,13
3197.03,472.60,9,12,29,41,40,28,29,12,9,8,13,12,11,25,24,28,29,25,11,12,9,10
3188.33,193.62,9,10,11,25,29,41,47,49,40,41,29,28,40,39,38,44,42,37,38,44,42,37
3193.41,235.44,9,10,11,25,24,23,22,21,20,26,22,23,27,28,40,41,47,14,15,36,35,34
3202.55,372.19,10,9,12,13,14,47,36,35,46,44,38,26,22,23,27,26,22,21,20,19,18,52
3194.19,176.37,10,9,8,13,14,47,49,48,44,42,37,38,26,20,21,22,23,24,25,11,10,9
2554.89,158.76,10,11,12,13,14,15,6,7,14,13,41,29,25,24,28,29,12,13,14,15,36,35
2862.84,153.09,10,11,25,29,41,13,14,47,49,48,50,51,49,47,41,29,28,27,26,20,21,22
2946.82,151.54,10,11,25,24,23,27,26,20,21,22,26,20,21,22,23,24,28,40,39,48,49,47
1780.72,3211.54,1,0,31,30,33,43,42,37,38,39,27,23,22,26,38,39,40,41,13,12,9,8
3114.79,148.44,10,11,12,9,8,13,12,11,25,29,12,9,8,7,6,5,16,15,14,47,49,48
2701.19,149.46,11,10,9,12,11,10,9,12,13,8,7,14,13,12,11,25,29,41,47,14,7,8
2631.20,150.75,11,10,9,12,13,41,29,12,9,10,11,12,9,8,13,41,47,14,7,8,9,12
2617.20,151.01,11,10,9,12,11,10,9,12,13,41,40,28,27,26,20,21,22,26,38,37,42,43
1790.66,207.60,11,25,29,28,24,23,27,26,22,23,24,28,40,41,13,8,9,12,29,28,40,41
1874.45,201.57,11,25,24,28,40,41,29,28,24,23,27,39,48,50,51,49,40,28,27,23,24,28
1930.30,197.55,11,25,29,41,47,36,15,6,5,4,17,16,5,6,7,14,47,41,29,25,11,12
2209.59,177.46,11,25,29,41,47,14,13,12,29,28,24,25,11,12,13,41,47,49,40,39,48,50
2405.08,163.40,11,25,24,23,27,39,40,41,29,12,11,25,24,28,27,23,22,26,38,44,42,37
2433.01,161.39,11,25,24,23,27,26,22,23,24,25,29,12,9,10,11,12,9,8,13,14,47,49
1934.67,3215.56,1,0,31,30,33,34,35,36,47,14,15,36,35,31,0,1,2,3,4,5,6,15
2511.26,479.56,11,12,13,8,7,6,5,4,17,16,5,4,17,2,3,4,5,6,15,14,47,41
2502.40,452.80,11,12,13,41,40,39,38,26,27,23,24,28,27,26,38,44,48,50,51,49,48,50
2448.93,208.31,12,11,10,9,12,11,25,29,28,40,49,51,50,48,49,40,28,29,25,24,23,22
2479.42,373.55,12,11,25,29,12,9,10,11,12,29,25,11,10,9,12,29,25,11,12,9,10,11
2499.10,469.55,12,11,25,24,23,22,26,38,39,48,44,46,45,34,35,31,30,33,19,18,30,31
1833.12,652.23,12,29,41,13,8,7,6,5,4,17,16,32,36,15,6,7,8,9,10,11,25,29
2081.59,610.19,12,29,41,13,12,11,10,9,8,13,41,47,49,48,44,42,37,38,39,40,41,47
2315.71,567.24,12,29,25,11,12,13,41,47,36,15,6,7,14,15,6,7,14,13,8,7,14,13
2329.51,564.90,12,29,25,24,23,22,26,20,21,22,26,38,39,48,50,51,49,47,41,40,39,27
2495.71,540.13,12,29,41,13,14,7,6,5,4,3,2,17,4,5,6,15,36,35,31,32,16,17
2074.62,3219.22,1,0,31,35,36,15,16,5,4,17,16,5,6,15,36,47,49,51,50,48,39,38
2569.39,857.75,12,13,14,7,8,9,10,11,12,29,28,27,26,38,39,40,28,24,23,22,21,20
2554.01,775.11,12,13,41,47,36,35,34,45,43,42,37,38,26,27,39,40,41,13,12,9,8,7
2525.75,581.16,12,13,41,40,39,27,26,22,21,20,19,33,43,45,46,44,42,43,45,34,33,30
3026.54,478.67,12,9,10,11,25,24,23,22,21,20,19,18,30,31,32,1,0,53,52,18,30,33
2747.76,504.87,12,9,10,11,12,9,10,11,12,13,8,7,14,15,16,32,36,47,41,40,39,38
2622.62,519.93,12,9,8,13,14,47,36,35,31,0,1,2,3,4,17,16,32,1,0,53,30,18
2523.03,585.36,13,12,9,10,11,12,9,8,7,6,5,16,32,36,35,34,45,46,35,31,32,36
2521.78,599.69,13,12,11,25,29,12,9,8,7,14,13,41,40,39,38,37,42,43,33,34,35,46
1875.05,1035.97,13,41,29,12,13,8,9,10,11,12,9,8,13,12,29,28,24,25,29,12,11,10
2068.66,1005.29,13,41,47,49,40,41,47,36,32,1,2,3,4,17,2,3,4,17,16,32,36,47
2161.48,2525.48,1,32,31,0,1,2,17,16,15,36,47,14,13,12,11,25,29,12,13,8,9,10
2096.24,1000.44,13,41,47,14,7,6,5,16,32,36,35,34,33,30,53,52,18,30,31,35,46,45
2234.12,976.21,13,41,47,49,51,50,48,49,51,50,48,49,40,39,48,44,42,37,38,26,22,23
2454.74,937.43,13,41,47,14,7,8,13,14,47,49,48,39,27,28,29,12,13,14,15,36,35,34
2650.88,1389.54,13,14,7,6,5,16,17,4,5,6,15,16,5,6,7,8,9,12,11,25,24,28
2629.56,1251.17,13,14,15,6,5,16,15,14,7,6,15,36,32,1,2,17,16,15,6,5,4,17
2622.04,1224.00,13,14,15,36,47,49,48,50,51,49,48,39,27,28,29,41,47,14,7,8,9,10
2621.04,1195.82,13,14,7,6,5,16,15,6,7,8,9,10,11,25,29,41,40,49,51,50,48,44
2609.25,1140.98,13,14,15,36,32,31,35,34,45,46,44,38,26,27,39,40,49,47,36,15,6,7
2591.19,1002.11,13,14,7,8,9,10,11,12,9,10,11,12,9,10,11,25,24,23,27,26,38,39
2581.54,961.10,13,14,15,36,47,41,13,8,7,14,15,36,47,41,13,8,7,14,13,41,47,49
2158.67,2595.43,1,32,31,30,53,0,31,35,34,33,43,42,37,38,39,27,26,22,21,20,26,27
3175.35,819.62,13,8,7,6,15,16,5,4,3,2,1,0,53,30,33,19,20,26,22,21,20,26
2787.68,877.77,13,8,7,6,5,4,3,2,17,16,15,6,5,4,3,2,1,32,16,5,6,15
2745.65,880.74,13,8,9,12,29,25,24,28,27,23,22,26,38,39,48,49,40,28,27,39,48,50
2574.96,961.80,14,13,41,47,49,40,39,27,26,22,23,24,25,29,12,11,25,29,28,27,26,20
2592.02,1072.50,14,13,41,47,36,15,16,5,4,3,2,1,0,31,32,16,5,6,7,8,9,12
2603.81,1127.34,14,13,8,7,14,15,36,47,49,40,41,13,12,11,25,24,23,22,21,20,19,33
2610.21,1168.85,14,13,8,9,12,29,41,13,12,29,25,24,28,29,12,9,10,11,12,13,8,7
2623.00,1251.87,14,13,8,9,10,11,25,29,12,11,25,29,28,40,49,48,50,51,49,47,36,35
2625.13,1265.71,14,13,8,7,6,15,16,5,4,17,2,3,4,17,2,3,4,17,16,5,6,15
1988.46,1383.05,14,47,49,51,50,48,44,38,26,22,23,27,39,38,37,42,44,46,45,34,35,36
2161.41,2609.55,1,32,16,5,4,17,2,3,4,17,2,3,4,17,16,32,31,35,46,44,38,37
2016.33,1385.70,14,47,36,35,31,32,16,5,4,3,2,1,32,16,17,2,3,4,5,6,7,14
2183.89,1398.30,14,47,41,40,49,47,41,40,49,48,50,51,49,48,44,46,45,43,33,34,35,46
2281.14,1410.85,14,47,36,35,46,44,38,37,42,44,38,37,42,43,33,34,35,31,32,36,15,14
2379.02,1416.84,14,47,41,29,28,40,49,48,39,27,28,24,23,27,28,24,23,27,26,22,23,24
2476.58,1426.11,14,47,41,40,39,38,37,42,43,45,46,44,48,50,51,49,48,50,51,49,47,41
2690.08,1670.43,14,15,36,35,34,33,30,18,19,33,30,31,35,34,33,19,18,30,33,19,20,26
2685.90,1642.75,14,15,36,32,16,15,14,13,41,29,12,11,10,9,12,11,25,29,12,13,41,40
3186.85,1354.06,14,7,6,5,16,32,1,2,3,4,17,2,1,0,31,30,53,0,31,30,18,19
2965.68,1389.56,14,7,6,15,16,5,6,7,8,13,41,40,39,48,50,51,49,47,41,29,28,40
2951.34,1388.52,14,7,8,13,41,47,36,15,16,5,4,3,2,17,4,3,2,1,0,31,35,46
2155.87,2665.37,1,32,31,30,33,34,35,36,47,49,40,39,48,49,51,50,48,49,47,36,32,1
2826.93,1408.49,14,7,8,13,12,11,10,9,8,13,41,47,49,40,39,27,26,38,44,48,39,40
2799.28,1412.93,14,7,8,13,12,29,41,13,8,7,6,5,4,17,2,3,4,17,16,5,6,15
2688.70,1430.68,14,7,8,9,10,11,12,29,25,24,28,40,39,38,44,46,45,34,33,19,20,26
2655.81,1487.48,15,14,47,36,32,1,0,31,30,53,0,1,32,36,15,14,7,8,9,10,11,12
2659.99,1515.16,15,14,47,41,29,28,40,39,38,44,46,35,36,15,16,32,1,0,31,30,53,52
2690.39,1694.63,15,14,7,8,9,12,29,41,13,14,47,49,40,41,47,36,15,6,5,16,15,14
1987.89,1757.71,15,36,47,49,48,44,38,39,48,50,51,49,47,36,35,31,32,36,47,41,40,39
2085.92,1755.58,15,36,32,1,2,3,4,5,6,7,14,47,36,32,16,5,6,7,8,13,12,9
2183.59,1746.86,15,36,35,46,44,42,37,38,39,27,23,22,21,20,19,33,34,35,46,44,48,50
2715.62,2145.15,15,16,17,4,5,16,17,4,5,16,32,1,2,3,4,5,16,17,2,3,4,17
2151.94,2763.29,1,32,36,35,46,44,42,37,38,44,48,39,40,28,27,26,38,37,42,44,38,39
2710.32,2089.31,15,16,32,31,0,53,52,18,30,31,32,16,5,4,3,2,1,0,53,52,18,19
2713.13,2075.20,15,16,17,2,3,4,17,16,32,36,15,16,5,4,3,2,17,4,3,2,17,16
2708.33,2033.34,15,16,32,31,30,18,52,53,0,1,32,16,17,2,3,4,17,2,1,32,16,5
2704.35,1921.41,15,16,32,36,47,41,40,28,29,12,13,14,15,16,17,4,5,16,17,4,3,2
2700.67,1725.42,15,16,5,4,17,16,5,4,3,2,17,16,5,4,17,2,1,32,16,5,4,17
3207.32,1746.94,15,6,7,8,9,12,11,25,29,28,27,39,48,50,51,49,47,41,13,8,9,10
3165.42,1744.07,15,6,7,8,13,14,47,41,40,28,29,12,9,8,13,14,7,6,5,4,17,2
3109.55,1740.24,15,6,7,8,13,41,47,36,15,6,5,16,32,36,47,14,13,41,40,39,38,26
2900.04,1725.89,15,6,7,8,9,12,29,28,40,49,48,44,46,35,36,32,16,15,14,13,8,7
2857.91,1726.31,15,6,5,16,17,4,3,2,17,16,5,6,15,36,47,14,15,16,5,4,3,2
1574.16,3205.49,0,53,52,18,30,53,0,1,32,16,17,2,1,0,31,32,16,5,4,17,2,3
2148.57,2847.22,1,32,36,35,46,44,42,43,33,34,35,36,47,49,51,50,48,44,42,37,38,44
2760.37,1716.32,15,6,7,14,47,41,13,12,9,10,11,12,29,28,27,23,24,25,11,10,9,12
2718.24,1716.74,15,6,5,16,32,36,47,41,40,39,38,26,27,28,24,23,22,21,20,26,27,23
2695.45,1764.46,16,15,14,13,8,9,10,11,12,29,25,24,28,29,41,47,36,15,6,5,16,17
2706.11,2156.33,16,15,36,35,31,0,53,30,33,43,42,37,38,44,48,39,27,28,40,49,48,50
2706.61,2170.32,16,15,36,47,49,48,50,51,49,40,39,38,37,42,44,48,39,27,26,20,19,18
2228.00,2189.11,16,32,36,15,14,7,6,5,4,17,2,1,0,31,32,36,15,6,5,4,17,2
2256.00,2189.40,16,32,31,35,46,44,38,26,27,23,22,26,27,28,24,23,22,26,20,21,22,26
2451.95,2194.73,16,32,31,30,53,0,31,32,36,15,14,13,41,29,12,11,10,9,12,29,41,40
2864.98,2899.79,16,17,2,1,0,31,35,34,33,30,53,0,31,35,36,32,16,17,2,1,0,53
2859.44,2858.02,16,17,4,5,6,15,16,32,1,0,53,30,33,43,45,34,33,19,18,30,31,0
2149.07,2917.30,1,32,36,47,14,15,36,47,49,51,50,48,49,40,28,24,25,29,12,9,10,11
2821.15,2694.41,16,17,2,1,0,53,52,18,30,33,34,45,46,35,36,47,41,40,39,48,49,51
2795.16,2556.81,16,17,2,3,4,5,16,15,6,5,4,17,2,3,4,17,2,1,0,31,30,53
2748.41,2337.74,16,17,2,3,4,17,2,1,32,31,35,36,47,49,48,39,27,26,38,44,46,35
3211.91,2189.48,16,5,4,3,2,17,4,5,16,32,1,2,17,16,15,36,35,34,45,43,42,44
3085.90,2186.52,16,5,6,7,8,13,14,47,49,40,28,27,26,22,23,27,28,29,12,9,10,11
3071.90,2186.56,16,5,6,15,14,13,41,29,25,11,10,9,12,13,14,47,41,13,12,29,28,27
2805.91,2187.28,16,5,6,7,8,9,12,11,10,9,8,7,14,15,36,35,46,45,43,42,37,38
2742.47,2341.53,17,16,5,6,15,14,13,8,7,6,5,16,15,36,35,31,0,1,32,16,15,6
2862.27,2902.89,17,16,15,6,5,16,15,14,7,8,9,10,11,12,29,28,24,23,27,28,24,23
3260.09,2980.02,17,4,3,2,17,4,5,16,32,1,0,31,35,46,45,34,33,30,53,52,18,30
2143.45,3057.19,1,32,36,15,16,17,4,3,2,17,16,32,1,0,31,30,33,19,18,30,53,52
3022.90,2960.47,17,4,3,2,17,4,5,6,15,16,5,6,15,16,5,6,15,14,47,36,32,16
3008.94,2959.32,17,4,3,2,1,0,53,52,18,30,33,19,18,30,33,19,20,21,22,23,24,25
2897.66,3196.00,17,2,1,32,31,0,1,32,36,47,49,40,41,13,12,11,10,9,12,13,8,9
2894.71,3125.99,17,2,3,4,17,2,3,4,17,2,3,4,17,16,32,1,0,53,30,18,52,53
2893.46,3112.04,17,2,3,4,5,6,7,8,9,12,11,10,9,8,13,14,7,6,15,16,5,4
2883.94,3042.61,17,2,1,32,16,5,4,3,2,1,0,53,30,31,0,53,30,33,43,45,46,35
122.54,3119.30,18,52,53,30,18,19,33,34,45,46,44,38,39,27,28,29,25,11,12,13,8,7
123.74,2755.30,18,52,53,30,18,52,53,30,18,52,53,30,31,0,1,2,3,4,17,16,15,36
124.06,2657.30,18,52,53,0,31,35,34,33,19,18,30,33,43,42,44,38,37,42,44,46,45,43
124.57,2503.30,18,52,53,0,1,32,16,15,36,32,1,2,3,4,17,2,3,4,5,16,32,1
2140.65,3127.14,1,32,36,15,6,7,8,9,10,11,12,29,25,24,28,40,49,48,44,42,43,33
127.87,1969.14,18,19,33,34,45,43,42,44,38,26,22,23,24,25,11,12,9,10,11,12,13,41
126.22,2053.13,18,19,33,34,45,43,33,34,35,46,44,48,39,40,41,29,12,13,8,9,10,11
119.90,2375.07,18,19,20,26,38,37,42,43,33,34,35,46,45,34,35,31,30,18,19,33,43,42
743.89,2468.13,18,30,53,52,18,19,33,30,18,19,20,26,22,21,20,19,18,30,31,32,36,35
505.91,2463.86,18,30,31,35,36,15,6,7,8,13,14,7,6,5,16,15,36,47,49,48,50,51
183.90,2465.84,18,30,31,32,16,5,4,3,2,17,4,3,2,17,4,5,6,15,16,5,4,17
155.90,2465.72,18,30,53,52,18,30,31,0,53,52,18,30,33,43,42,37,38,44,42,37,38,26
125.62,2419.77,19,18,30,33,34,45,46,35,31,30,18,19,33,43,42,44,38,26,27,39,48,50
128.10,2293.79,19,18,52,53,30,31,32,16,17,2,3,4,5,16,15,6,5,4,17,16,5,4
128.65,2265.79,19,18,30,53,0,31,35,36,47,41,40,39,48,50,51,49,47,41,29,28,27,39
2776.57,3233.63,1,2,17,4,5,16,15,6,5,16,15,6,5,4,3,2,17,4,5,16,17,2
125.90,2237.73,19,18,52,53,0,1,32,36,15,16,17,2,1,32,16,15,6,5,4,17,2,1
153.00,1227.91,19,20,26,27,28,40,39,48,49,40,28,29,12,11,25,24,23,22,26,38,39,48
152.02,1255.89,19,20,26,38,44,42,43,45,34,35,36,32,31,0,53,52,18,19,20,26,38,44
143.36,1409.69,19,20,21,22,23,24,25,11,10,9,12,13,8,9,12,11,10,9,12,13,41,29
146.17,1423.79,19,20,26,38,39,40,41,29,28,27,26,20,21,22,26,27,23,24,25,11,10,9
132.99,1801.56,19,20,26,38,37,42,43,33,34,35,31,32,36,47,49,51,50,48,44,42,43,33
642.69,1908.64,19,33,34,45,43,42,44,46,45,43,33,19,18,52,53,0,31,32,16,5,6,15
147.71,1568.86,20,19,18,30,53,0,31,30,18,52,53,30,31,32,36,35,31,0,53,30,33,34
152.59,1428.94,20,19,33,43,45,34,33,30,18,19,33,30,31,35,46,44,42,43,45,34,33,19
154.55,1372.98,20,19,18,30,33,19,20,21,22,23,27,39,40,41,29,12,9,8,7,6,15,16
2412.74,3222.60,1,2,3,4,5,16,32,31,0,1,32,16,5,6,7,14,47,49,51,50,48,39
159.43,1233.06,20,19,33,43,45,34,33,19,20,26,27,39,48,44,46,45,43,42,37,38,39,48
163.82,1107.14,20,19,33,34,35,36,47,14,13,8,7,6,5,4,3,2,1,32,36,15,14,13
167.15,670.41,20,21,22,26,27,23,24,25,11,10,9,12,13,41,40,49,48,39,27,23,24,28
166.88,684.41,20,21,22,26,27,23,22,21,20,26,27,39,48,44,38,37,42,44,46,45,34,35
165.83,740.40,20,21,22,23,27,28,24,25,11,10,9,12,11,10,9,8,13,12,11,25,29,28
165.30,768.39,20,21,22,26,27,23,22,21,20,26,38,44,48,49,47,14,15,36,35,31,0,53
162.91,894.37,20,21,22,23,27,39,40,41,13,12,11,10,9,12,29,28,27,39,38,37,42,44
641.20,856.81,20,26,27,28,24,23,22,21,20,26,27,23,22,26,27,23,24,25,29,28,24,23
453.17,912.14,20,26,27,23,22,21,20,19,33,30,18,52,53,0,31,30,18,52,53,0,1,2
373.51,939.01,20,26,38,39,27,23,24,25,29,41,40,49,48,50,51,49,40,41,13,14,47,41
2216.83,3216.66,1,2,17,4,3,2,1,32,31,0,53,52,18,30,31,32,1,2,3,4,5,6
278.57,963.51,20,26,22,21,20,26,27,39,48,50,51,49,40,39,48,49,51,50,48,39,38,37
168.50,947.83,21,20,19,33,34,45,46,35,34,33,43,45,46,35,36,15,14,7,8,9,12,11
169.03,919.83,21,20,19,33,30,18,52,53,30,31,0,1,32,36,15,14,47,36,15,6,5,4
171.68,779.86,21,20,19,33,30,31,32,1,2,17,16,32,31,30,18,52,53,0,1,32,16,15
385.80,418.52,21,22,23,27,26,20,21,22,23,27,39,38,37,42,44,48,49,47,36,32,1,2
675.90,806.22,22,26,27,39,40,41,29,28,40,41,29,25,24,23,22,21,20,19,33,43,42,37
605.62,685.15,22,26,38,39,48,50,51,49,47,36,35,34,45,46,44,48,49,40,28,29,41,40
500.19,503.53,22,26,27,28,24,25,29,12,11,10,9,12,13,41,47,14,15,36,47,41,13,8
1003.56,313.19,22,23,24,25,29,12,13,8,7,6,5,16,15,36,47,14,13,41,47,36,32,16
520.13,393.20,22,23,24,25,11,10,9,8,13,41,29,25,11,12,9,8,7,14,47,49,48,39
2873.22,2996.87,2,17,16,32,36,15,6,7,8,9,12,11,10,9,8,7,14,13,41,47,36,15
465.51,405.96,22,23,27,26,22,23,24,28,27,23,24,28,27,26,38,44,46,45,34,35,36,15
228.43,448.92,22,21,20,26,38,37,42,44,48,50,51,49,40,28,29,25,11,10,9,8,7,6
408.39,421.78,22,21,20,26,27,28,24,23,22,21,20,26,38,37,42,44,38,26,27,23,22,21
486.03,409.12,23,22,21,20,19,33,34,35,46,45,43,33,30,53,52,18,30,53,0,31,30,18
555.01,397.22,23,22,21,20,26,22,21,20,26,27,28,40,41,13,8,7,6,15,16,5,4,3
1089.34,549.87,23,27,39,38,26,27,23,24,25,29,28,40,49,47,14,15,16,17,2,1,0,31
1058.54,356.28,23,27,28,40,49,51,50,48,49,51,50,48,49,40,28,29,12,11,10,9,8,13
1274.03,269.93,23,24,25,11,10,9,12,13,14,15,36,47,41,29,25,24,23,22,21,20,19,33
1095.47,304.78,24,23,22,21,20,26,22,21,20,19,18,30,33,19,20,26,38,37,42,43,45,34
1150.79,296.05,24,23,22,21,20,19,33,43,42,44,46,35,36,47,41,40,28,27,26,22,21,20
2877.75,3010.52,2,17,4,5,16,15,6,5,4,17,16,15,36,35,46,45,43,42,37,38,39,48
1247.59,280.78,24,23,27,39,40,49,47,36,15,16,17,4,5,16,15,14,47,41,40,39,27,26
1275.25,276.42,24,23,27,28,29,12,11,10,9,12,13,41,47,49,51,50,48,49,47,36,15,16
1409.26,669.33,24,28,29,41,13,14,47,41,13,12,11,10,9,8,13,12,11,25,24,23,22,21
1370.56,491.46,24,28,40,39,48,49,51,50,48,44,46,35,31,32,36,35,46,45,43,42,44,38
1337.84,326.68,24,28,40,49,51,50,48,39,40,41,13,12,9,8,13,41,40,49,51,50,48,49
1335.62,298.57,24,28,29,12,9,10,11,12,9,8,13,41,29,25,11,12,9,8,7,6,15,16
1330.17,271.11,24,28,40,41,29,28,40,41,29,25,24,28,40,41,47,49,48,44,46,35,31,32
1692.44,211.45,24,25,29,41,47,14,15,16,17,2,3,4,17,2,1,0,53,52,18,19,20,26
1331.82,261.00,24,25,11,10,9,12,29,28,27,23,24,25,11,10,9,12,13,14,7,8,9,10
1376.34,261.54,25,24,23,22,26,20,21,22,26,38,39,27,28,40,39,27,23,24,28,27,39,38
2885.23,3094.18,2,17,4,3,2,1,32,36,15,14,7,8,13,14,15,16,32,36,15,6,5,4
1445.69,252.01,25,24,23,27,39,40,49,48,50,51,49,40,28,27,39,48,44,42,43,45,34,33
1782.35,604.62,25,29,12,11,25,29,12,13,8,9,10,11,12,29,25,11,12,29,28,40,39,27
1767.59,465.36,25,29,28,27,39,38,26,20,21,22,26,38,37,42,43,45,34,33,30,31,32,1
1764.00,381.37,25,29,12,9,10,11,12,13,8,9,10,11,12,29,25,11,10,9,8,13,14,47
1758.42,353.73,25,29,28,40,39,38,37,42,44,38,37,42,43,45,46,35,34,33,43,45,34,33
1756.13,325.83,25,29,28,27,23,22,21,20,26,38,39,40,41,13,14,7,6,15,36,32,16,17
1749.24,242.11,25,29,28,27,23,24,28,27,26,22,23,24,25,11,12,13,41,40,49,51,50,48
2394.94,157.50,25,11,12,13,41,47,36,32,1,2,3,4,5,16,15,14,47,41,29,12,9,10
2241.33,168.56,25,11,10,9,12,13,41,40,28,27,26,38,39,27,23,24,28,27,26,22,21,20
2157.55,174.58,25,11,10,9,12,13,8,9,12,13,8,7,14,47,36,32,1,0,53,52,18,30
1481.72,2660.57,0,31,32,1,2,17,4,3,2,17,16,15,6,5,4,3,2,1,0,53,30,33
2863.23,3242.86,2,1,0,31,30,33,34,45,46,35,31,32,36,35,34,45,46,44,48,49,47,14
2059.80,181.62,25,11,10,9,12,11,25,24,23,22,21,20,19,33,30,31,0,1,2,3,4,17
1934.13,190.66,25,11,12,13,41,40,28,29,41,47,36,32,31,35,34,45,46,35,36,47,49,48
1864.31,195.68,25,11,12,9,8,13,41,40,39,48,50,51,49,48,39,27,28,24,25,29,41,13
335.41,953.66,26,20,21,22,23,24,25,29,41,47,14,15,6,5,4,3,2,17,16,15,36,47
901.66,1142.38,26,38,39,27,28,40,49,48,50,51,49,48,39,27,23,22,21,20,19,18,30,53
870.08,1096.13,26,38,44,48,39,40,41,13,12,29,28,27,39,40,49,47,36,32,16,17,4,5
859.46,1086.44,26,38,44,46,35,34,45,43,33,30,53,0,31,32,16,15,14,47,41,29,25,11
812.07,1017.08,26,38,37,42,44,38,37,42,44,48,39,38,37,42,44,48,49,51,50,48,39,40
756.79,936.16,26,38,44,46,45,43,33,30,18,19,33,43,45,34,35,36,15,16,17,2,1,0
979.85,790.58,26,27,28,24,23,22,21,20,26,22,23,27,39,38,44,46,45,43,42,44,38,39
3271.53,3245.66,2,3,4,5,16,32,1,2,17,4,3,2,1,0,53,52,18,30,53,0,1,2
718.53,840.45,26,27,39,48,44,46,45,34,35,36,32,1,2,3,4,5,6,15,36,47,41,13
459.46,453.09,26,22,21,20,26,38,44,46,45,43,42,37,38,26,20,19,18,30,31,0,1,2
747.21,842.04,27,26,38,44,46,45,43,33,19,18,52,53,0,31,35,34,45,43,42,37,38,39
898.25,811.81,27,26,22,21,20,19,33,30,53,52,18,30,53,52,18,19,33,43,42,37,38,26
926.39,810.15,27,26,38,44,42,37,38,39,27,26,38,37,42,43,45,34,33,43,45,46,44,48
1197.93,1092.02,27,39,40,49,51,50,48,39,38,26,27,39,48,49,47,41,13,14,7,8,13,14
1166.44,955.57,27,39,48,44,46,35,31,0,1,2,3,4,5,6,7,14,15,16,17,4,3,2
1135.76,790.36,27,39,48,50,51,49,40,39,38,44,48,49,51,50,48,44,42,37,38,44,48,39
1369.04,727.16,27,28,29,41,40,39,27,23,22,26,27,39,40,28,29,25,11,10,9,12,11,10
1052.85,362.06,27,23,24,25,11,12,29,28,27,26,38,39,40,49,51,50,48,44,38,37,42,44
3243.54,3245.04,2,3,4,17,2,1,0,31,30,53,0,31,30,18,19,33,43,45,34,35,36,47
1088.52,583.23,27,23,22,26,27,39,38,44,46,45,43,33,34,45,46,44,42,43,45,46,35,34
1171.28,763.67,28,27,23,24,28,29,41,13,12,11,25,29,12,9,8,13,14,7,6,5,16,15
1434.39,1065.58,28,40,49,47,14,7,6,15,14,47,49,51,50,48,44,42,37,38,44,48,39,27
1421.66,771.86,28,40,41,29,25,11,10,9,8,13,41,40,28,24,23,22,26,27,23,22,26,20
1739.05,661.82,28,29,12,13,8,9,10,11,12,9,10,11,25,29,28,27,26,20,19,33,30,31
1725.27,664.27,28,29,41,13,14,47,41,13,14,15,16,5,6,7,14,47,36,15,16,17,2,1
1656.35,676.53,28,29,12,13,14,7,6,15,36,32,1,0,53,30,31,32,16,17,2,3,4,17
1490.94,705.94,28,29,41,13,8,9,12,13,8,7,6,15,14,47,41,40,28,24,23,22,26,27
1332.20,315.21,28,24,25,29,28,40,49,47,36,15,16,17,4,5,16,32,1,0,53,52,18,19
1456.47,715.43,29,28,24,23,22,21,20,19,33,43,45,34,35,46,44,42,37,38,44,48,49,51
3047.58,3240.67,2,3,4,5,6,7,14,15,16,5,6,15,14,13,8,9,10,11,12,9,10,11
1470.25,712.98,29,28,24,23,22,26,27,23,22,21,20,19,33,34,35,31,30,33,34,45,46,35
1649.44,681.11,29,28,24,23,22,21,20,19,33,34,45,46,35,34,45,43,42,37,38,26,20,19
1822.90,998.01,29,41,47,14,7,8,9,12,29,41,13,8,7,6,15,36,35,34,45,43,33,30
1816.66,970.51,29,41,47,49,48,44,42,37,38,44,42,43,33,34,35,36,32,1,0,53,52,18
1816.98,942.32,29,41,13,8,7,14,13,41,40,28,24,25,29,41,13,14,7,6,15,36,35,34
1815.50,928.40,29,41,13,8,7,14,47,41,40,28,24,23,27,28,24,25,11,10,9,12,13,8
1804.83,859.14,29,41,40,39,27,26,20,21,22,23,27,28,29,12,11,10,9,8,7,14,47,41
2203.41,579.54,29,12,11,10,9,8,13,14,15,16,17,4,5,16,15,6,7,14,13,8,7,14
1954.94,621.58,29,12,11,25,24,23,22,21,20,26,38,37,42,43,45,46,35,31,32,16,15,36
1941.13,623.92,29,12,11,25,29,28,27,23,22,26,38,44,48,50,51,49,40,39,38,37,42,43
2943.31,3244.94,3,2,1,0,31,35,34,33,43,45,34,35,31,30,18,52,53,0,31,30,18,52
1743.86,257.04,29,25,24,28,40,49,47,41,29,12,13,41,40,39,27,23,24,25,11,10,9,8
1758.76,438.43,29,25,24,28,40,41,47,36,35,46,45,34,35,31,30,33,34,45,43,33,30,31
1774.66,591.65,29,25,11,12,29,25,24,23,27,26,38,44,42,43,33,34,45,46,44,42,37,38
1773.67,619.82,29,25,24,23,22,21,20,26,22,23,24,25,29,41,13,14,15,6,5,4,3,2
434.83,2473.47,30,18,52,53,0,1,32,31,30,33,43,45,34,35,46,45,43,42,44,48,49,47
518.82,2473.81,30,18,52,53,30,18,52,53,30,31,0,53,30,18,52,53,0,31,30,18,19,20
560.84,2470.68,30,18,19,20,21,22,23,27,26,38,37,42,44,48,49,51,50,48,39,40,41,13
658.82,2474.38,30,18,52,53,30,33,34,35,31,0,1,32,16,5,6,15,16,5,6,7,8,13
728.82,2474.67,30,18,52,53,30,33,19,20,26,22,21,20,19,18,30,31,0,53,52,18,30,31
915.03,3138.31,30,53,0,31,35,34,33,43,42,37,38,44,46,35,31,32,36,35,46,45,34,35
3153.26,3249.62,3,2,17,16,15,6,5,4,17,16,32,36,15,6,7,8,13,14,15,16,32,1
848.12,2752.05,30,53,0,31,30,18,19,33,43,42,37,38,39,48,44,46,45,34,35,46,44,42
814.52,2457.97,30,31,32,36,15,14,47,36,15,14,7,8,9,10,11,12,29,25,11,10,9,8
801.25,2462.42,30,31,32,36,35,31,0,1,32,31,30,18,52,53,0,1,2,3,4,17,2,1
718.10,2061.64,30,33,43,45,46,44,38,39,40,49,48,39,40,41,29,25,24,28,29,12,11,25
722.39,2103.55,30,33,19,18,52,53,0,1,2,17,4,3,2,17,4,5,16,15,36,47,41,40
750.01,2255.05,30,33,19,18,52,53,0,1,2,3,4,17,16,32,1,2,17,4,5,16,15,14
760.06,2310.15,30,33,19,20,26,22,23,27,28,40,39,38,26,22,23,27,39,48,44,46,45,43
762.57,2323.92,30,33,19,18,30,33,43,45,46,35,36,32,31,0,1,32,31,35,34,33,43,45
780.88,2405.96,30,33,34,35,46,45,43,42,44,38,26,20,21,22,26,38,39,48,44,46,45,43
836.58,2457.53,31,30,33,43,42,37,38,44,42,37,38,26,20,21,22,23,27,28,40,49,51,50
3181.25,3250.24,3,2,1,0,53,30,33,19,18,52,53,30,31,0,53,52,18,30,31,32,36,47
1941.95,2211.46,31,32,36,15,6,5,16,15,14,13,41,47,36,35,34,33,30,53,52,18,30,31
1817.30,2230.22,31,32,1,2,3,4,17,16,32,1,0,53,52,18,19,33,43,45,46,35,31,30
1358.41,2283.74,31,32,36,35,31,30,33,43,45,34,33,30,53,0,1,32,31,35,34,33,19,20
1331.02,2290.45,31,32,16,17,2,1,32,16,17,2,3,4,5,6,15,36,35,31,32,16,15,6
1268.81,1896.75,31,35,36,15,14,47,41,29,25,24,23,27,28,24,23,27,26,20,21,22,23,27
1267.30,1911.06,31,35,46,45,43,33,30,53,52,18,30,53,52,18,30,31,35,34,45,46,35,36
1279.42,1980.08,31,35,36,15,14,47,36,32,31,30,53,0,31,35,36,32,1,2,17,4,5,16
1311.52,2258.24,31,35,34,45,46,44,48,49,51,50,48,44,42,43,33,30,18,52,53,0,1,2
1313.29,2272.13,31,35,34,45,46,44,38,39,27,28,29,25,24,28,27,39,38,37,42,44,38,37
1584.69,2876.88,31,0,1,32,16,5,4,17,2,1,32,16,5,6,7,14,15,36,47,49,40,39
3300.51,3034.96,3,4,17,2,1,0,53,30,18,19,33,30,53,52,18,19,20,26,22,21,20,26
1579.02,2864.08,31,0,1,32,36,15,6,7,8,13,14,47,41,29,28,24,25,11,10,9,12,11
1562.02,2825.67,31,0,1,32,16,17,4,5,16,17,2,1,32,16,15,6,7,8,13,41,47,14
1536.34,2775.80,31,0,53,30,31,0,53,30,18,52,53,30,18,52,53,30,18,52,53,0,1,2
1502.34,2698.99,31,0,53,52,18,19,33,34,35,36,32,31,35,36,47,49,48,50,51,49,40,28
1358.01,2364.81,31,0,1,32,36,15,6,5,4,3,2,17,4,5,6,15,36,35,31,32,1,2
1352.35,2352.01,31,0,1,32,16,17,4,5,16,15,36,32,16,17,4,5,6,7,8,9,12,29
1488.49,2277.60,32,31,0,1,2,17,4,3,2,17,16,15,36,35,34,45,46,35,36,47,41,40
1683.01,2253.51,32,31,0,53,52,18,30,33,34,35,36,47,49,48,50,51,49,47,41,29,12,11
1696.50,2248.51,32,31,35,46,45,34,35,46,44,38,39,40,49,51,50,48,39,27,28,40,41,29
1988.67,2215.65,32,31,0,53,30,18,19,33,30,31,32,1,2,3,4,17,16,15,36,35,31,32
3302.77,3090.92,3,4,5,16,15,36,47,41,40,39,27,28,29,41,40,28,27,39,38,37,42,44
1951.69,1804.48,32,36,47,49,48,39,40,49,51,50,48,39,40,41,29,25,11,10,9,12,11,10
2003.84,1887.52,32,36,47,14,13,12,9,10,11,25,24,23,27,39,40,49,51,50,48,44,38,37
2067.22,1996.42,32,36,47,41,29,25,11,12,9,10,11,12,9,10,11,12,9,10,11,12,29,25
2467.88,2188.30,32,16,5,4,3,2,1,0,31,32,1,0,53,30,31,32,1,2,17,16,15,14
2425.88,2187.86,32,16,5,4,17,2,1,0,53,52,18,30,31,32,16,17,2,1,32,36,35,46
2215.89,2185.68,32,16,17,2,3,4,5,6,7,14,47,41,40,49,48,50,51,49,47,14,7,6
2157.09,2881.82,32,1,2,17,16,5,4,17,16,32,1,2,3,4,17,16,32,36,15,14,13,41
2159.90,2811.87,32,1,2,3,4,5,16,15,6,7,14,13,12,11,25,24,28,27,26,22,21,20
2168.95,2503.99,32,1,0,53,30,31,0,1,32,36,47,49,48,39,38,37,42,43,45,46,35,36
2176.74,2392.21,32,1,2,17,16,32,36,15,6,5,16,15,6,5,16,17,2,1,32,16,15,14
3305.60,3160.86,3,4,17,2,3,4,17,2,3,4,5,6,7,8,13,41,47,14,13,41,29,25
2177.30,2378.22,32,1,2,17,4,5,6,15,14,47,49,48,50,51,49,48,39,38,44,46,35,36
2179.62,2238.21,32,1,0,31,30,33,34,35,46,45,43,42,44,38,39,27,28,40,39,27,28,24
445.92,1918.45,33,19,20,26,27,23,24,25,11,10,9,12,29,41,40,28,24,23,27,26,20,21
459.97,1921.52,33,19,18,52,53,0,31,30,18,52,53,30,18,52,53,0,1,2,3,4,5,6
487.92,1917.76,33,19,20,21,22,23,27,39,48,49,40,41,29,28,24,25,11,10,9,12,11,10
664.53,1695.81,33,43,45,46,35,36,15,16,5,4,3,2,1,0,53,30,31,35,46,44,48,39
789.45,2416.18,33,30,31,35,36,47,14,15,36,35,34,33,30,18,19,33,30,53,0,31,30,53
776.16,2361.68,33,30,18,52,53,0,31,32,16,15,36,35,31,32,1,2,17,16,32,36,15,6
743.52,2182.63,33,30,18,52,53,0,31,30,18,19,20,26,22,21,20,19,18,30,33,34,35,46
720.92,2058.68,33,30,18,52,53,30,33,34,35,36,32,1,2,3,4,5,6,7,14,47,49,51
1518.37,2751.51,0,31,30,53,0,31,32,1,2,17,4,3,2,17,4,3,2,17,16,15,36,47
2917.78,2955.12,4,17,16,15,6,5,4,17,16,15,14,13,12,11,25,24,28,27,26,20,21,22
710.88,2003.59,33,30,53,52,18,30,33,43,42,37,38,26,20,19,18,30,53,52,18,30,31,0
711.61,1989.22,33,30,53,0,31,30,18,19,33,43,45,34,33,19,20,26,22,21,20,19,33,30
1007.19,1876.50,33,34,35,46,44,38,26,22,23,27,26,22,23,27,39,40,28,27,23,22,21,20
951.47,1882.05,33,34,45,46,44,38,37,42,43,33,19,20,26,38,37,42,43,33,30,18,52,53
937.87,1886.72,33,34,35,31,32,1,0,53,52,18,19,33,43,42,37,38,26,20,21,22,26,27
909.67,1886.21,33,34,45,43,33,19,20,26,38,44,48,50,51,49,40,41,29,12,13,14,15,6
701.04,1910.29,33,34,35,31,0,1,32,16,15,6,5,4,17,16,15,6,7,14,47,41,29,12
745.73,1909.15,34,33,43,45,46,35,34,33,19,18,30,31,32,1,2,17,16,32,1,2,3,4
899.29,1897.19,34,33,30,18,52,53,30,31,32,36,35,34,45,46,44,48,39,40,41,47,14,7
926.83,1891.13,34,33,19,20,21,22,26,38,44,42,37,38,39,40,49,47,14,7,6,15,14,13
2931.47,2959.56,4,17,2,1,32,31,0,1,32,16,15,36,47,14,7,8,9,10,11,25,24,23
982.56,1885.58,34,33,43,42,37,38,44,48,49,51,50,48,44,42,43,45,34,35,31,0,53,30
1052.21,1878.65,34,33,19,20,26,27,28,29,12,13,41,47,14,15,16,32,1,0,31,32,16,5
1023.88,1646.72,34,45,46,44,48,39,27,28,24,23,22,26,38,39,40,41,13,12,29,25,11,12
1025.77,1660.59,34,45,46,44,48,50,51,49,47,14,13,12,9,8,13,12,29,41,40,39,48,44
1027.67,1674.46,34,45,46,44,48,49,47,36,35,46,45,34,33,43,45,34,35,36,47,14,13,41
1220.46,1851.69,34,35,46,44,42,37,38,39,27,26,38,44,48,50,51,49,47,41,29,28,24,23
1101.59,1876.14,35,34,33,30,18,52,53,0,1,32,31,35,34,33,30,53,52,18,19,33,43,45
1101.65,1545.03,35,46,45,34,33,30,53,52,18,30,53,52,18,19,20,26,22,21,20,19,33,34
1114.46,1569.94,35,46,45,34,33,30,31,35,36,15,14,47,36,32,1,0,31,32,36,47,14,13
1172.07,1681.99,35,46,45,34,33,30,31,32,36,15,14,7,6,5,4,3,2,1,0,53,52,18
3113.12,2971.22,4,17,16,15,36,32,1,2,17,16,32,1,0,31,32,16,15,36,32,16,17,2
1320.13,2247.46,35,31,32,1,2,17,16,5,4,17,2,3,4,5,6,15,36,32,1,2,3,4
1314.82,2205.80,35,31,0,1,32,16,5,4,3,2,17,4,5,6,7,14,47,36,35,46,44,42
1288.55,2025.67,35,31,0,53,30,31,35,34,45,46,44,42,43,45,46,44,38,37,42,44,38,37
1290.06,2011.37,35,31,32,16,17,2,1,0,31,35,46,44,42,37,38,26,20,19,18,30,33,34
1288.29,1997.49,35,31,0,1,2,17,4,3,2,17,4,3,2,1,32,16,15,36,35,46,44,48
1799.35,1775.74,35,36,32,1,2,17,16,5,6,15,14,13,12,11,10,9,12,13,8,9,12,29
1715.69,1783.97,35,36,15,14,47,49,48,39,40,41,13,14,15,16,17,2,1,32,16,15,6,7
1549.27,1806.96,35,36,15,6,7,14,15,36,47,49,40,41,29,12,9,8,7,6,15,16,17,4
1411.04,1829.39,35,36,15,16,32,31,30,18,19,33,30,31,32,1,2,17,16,32,31,35,46,44
1271.91,1845.28,35,36,15,14,47,36,15,16,32,31,0,53,30,31,32,36,47,49,51,50,48,49
3266.33,2987.16,4,17,2,1,32,36,35,46,45,34,33,19,20,26,27,28,29,41,47,49,40,39
1313.46,1849.54,36,35,34,33,30,18,52,53,0,31,32,36,47,14,15,16,5,6,7,14,15,16
1382.35,1836.69,36,35,34,45,43,33,34,45,43,33,30,53,52,18,30,33,19,18,30,33,34,45
1576.95,1813.13,36,35,31,0,1,32,31,30,53,52,18,30,31,0,1,32,36,47,41,29,25,11
1618.11,1804.11,36,35,46,45,43,42,44,38,39,40,41,47,36,32,31,30,18,52,53,0,31,30
1757.24,1788.22,36,35,31,0,53,52,18,30,33,43,45,46,44,48,39,40,28,27,26,22,21,20
1923.66,1765.23,36,35,31,0,1,2,3,4,5,16,32,31,30,33,43,42,44,38,39,48,50,51
2502.11,1722.59,36,15,14,13,12,11,25,29,28,40,39,48,49,40,28,29,41,47,36,15,14,13
2390.28,1728.79,36,15,14,47,41,13,12,29,41,47,14,15,16,17,4,3,2,17,4,5,6,7
2348.35,1731.12,36,15,14,7,6,5,4,3,2,17,16,15,6,5,16,32,36,15,6,5,4,17
2264.48,1735.77,36,15,14,47,36,35,31,32,16,17,2,3,4,5,16,17,4,5,6,7,8,9
3313.89,3202.30,4,3,2,17,16,15,36,35,46,45,43,42,37,38,26,27,23,24,25,29,41,40
2180.79,1743.71,36,15,16,17,2,3,4,5,6,15,16,5,6,15,14,13,41,29,28,40,49,48
2166.81,1744.49,36,15,16,5,6,7,14,47,49,48,50,51,49,47,41,40,49,47,36,15,14,47
2082.76,1745.84,36,15,6,7,8,13,41,29,12,13,14,7,8,13,41,47,14,15,6,7,8,13
2054.98,1750.69,36,15,16,32,1,0,31,35,36,15,16,17,4,3,2,17,4,5,6,15,14,7
2027.02,1752.24,36,15,16,17,2,3,4,17,2,1,0,31,32,1,0,53,52,18,30,31,0,1
2159.79,2142.36,36,32,16,17,4,5,6,7,14,47,41,13,12,29,41,47,49,51,50,48,49,40
2145.70,2118.16,36,32,1,2,17,16,15,36,35,34,33,30,31,32,36,15,6,5,4,17,2,3
1873.35,1419.88,36,47,49,40,39,48,50,51,49,40,28,27,23,24,28,29,25,11,10,9,12,29
1890.54,1530.56,36,47,41,40,39,38,44,42,37,38,26,20,21,22,23,27,26,22,21,20,26,38
1913.15,1654.56,36,47,14,15,6,7,8,9,12,13,41,29,12,9,8,7,14,47,41,40,28,24
3313.32,3188.31,4,3,2,1,0,31,35,34,33,30,53,0,31,32,36,15,14,13,8,7,6,15
875.77,1175.86,37,38,26,20,21,22,26,20,21,22,26,27,28,24,23,22,21,20,19,33,30,31
833.67,1177.40,37,38,39,40,49,47,36,15,16,5,6,7,14,47,41,40,28,29,12,9,8,13
819.68,1176.81,37,38,44,42,37,38,39,48,44,42,43,33,34,35,36,32,31,35,46,45,43,33
777.72,1175.05,37,38,44,48,39,27,28,24,25,29,12,9,8,13,12,29,41,13,14,15,16,17
679.80,1170.94,37,38,39,48,44,42,43,45,46,44,48,50,51,49,48,44,38,39,40,41,13,14
654.67,1386.67,37,42,44,38,26,22,21,20,26,27,23,22,26,27,23,22,26,20,19,33,43,42
650.92,1344.84,37,42,44,46,35,31,32,36,47,14,13,8,7,14,13,8,7,6,15,14,47,36
647.16,1303.01,37,42,44,48,49,47,14,15,16,5,6,7,8,13,12,11,25,29,12,13,41,40
670.74,1177.17,38,37,42,43,45,34,33,30,53,0,31,32,1,0,53,52,18,30,53,0,31,30
796.63,1182.45,38,37,42,44,46,35,31,32,36,47,49,51,50,48,49,40,41,29,12,9,8,13
3312.19,3160.33,4,3,2,17,4,3,2,17,4,3,2,1,32,31,0,53,52,18,30,53,0,1
880.55,1185.98,38,37,42,44,46,35,34,33,19,20,26,38,44,42,43,33,34,45,43,33,34,45
1156.07,1150.56,38,39,40,49,48,39,38,44,46,45,34,33,19,20,21,22,23,27,26,38,44,48
1031.14,1166.98,38,39,48,44,46,35,31,30,33,19,18,30,31,0,53,52,18,19,20,26,38,37
716.29,882.71,38,26,27,39,48,49,47,36,15,6,7,14,47,36,15,6,5,4,17,2,3,4
745.15,930.82,38,26,20,19,18,52,53,30,31,35,46,45,34,35,36,47,14,13,12,29,25,24
755.77,940.52,38,26,22,23,27,39,40,49,51,50,48,39,27,23,22,21,20,26,22,23,27,26
760.94,953.94,38,26,20,21,22,26,27,23,24,28,27,26,20,21,22,23,27,28,40,41,13,12
897.92,1148.60,38,26,27,39,40,28,29,41,47,49,48,50,51,49,47,14,7,6,5,4,3,2
1019.10,1350.41,38,44,48,49,47,41,29,28,27,23,22,26,27,23,24,28,29,25,11,12,29,28
972.66,1264.12,38,44,48,39,38,44,46,45,43,42,44,38,26,22,23,24,25,11,10,9,8,7
3276.98,2290.91,4,5,16,32,36,47,14,13,8,9,10,11,12,13,8,9,10,11,12,29,28,24
973.64,1177.86,39,38,26,22,21,20,19,33,30,18,52,53,30,18,19,20,21,22,26,20,21,22
1001.83,1177.49,39,38,44,46,45,34,33,43,42,44,38,39,48,50,51,49,48,39,27,26,38,44
1084.69,1163.27,39,38,26,22,23,24,28,40,49,48,50,51,49,48,44,38,37,42,43,45,34,33
1112.88,1162.89,39,38,44,42,43,33,34,35,46,45,43,42,37,38,44,48,50,51,49,40,39,38
1126.76,1161.07,39,38,44,48,50,51,49,40,41,29,12,13,8,9,12,29,41,47,14,15,36,35
1253.40,1330.18,39,48,50,51,49,40,28,24,25,29,12,9,10,11,12,9,10,11,12,29,41,13
1214.80,1181.10,39,48,44,46,35,31,0,1,32,36,15,6,5,16,15,6,5,16,15,6,7,8
1214.49,1166.71,39,48,49,47,41,13,8,7,6,15,36,35,46,44,48,50,51,49,47,14,15,6
1378.45,1117.54,39,40,49,48,44,38,39,40,28,24,23,27,28,24,23,22,21,20,19,18,52,53
1281.09,1129.11,39,40,28,27,26,38,39,48,44,42,37,38,39,48,44,38,37,42,43,33,34,45
3279.15,2360.87,4,5,16,32,31,35,34,45,46,35,36,47,41,40,49,47,36,15,16,17,2,1
1132.42,823.19,39,27,23,22,26,27,28,24,25,29,41,47,49,48,39,40,28,27,23,22,21,20
1138.48,836.24,39,27,28,24,23,27,26,22,23,27,39,48,44,42,43,45,34,33,43,45,34,33
1172.39,1000.78,39,27,28,40,49,47,14,7,8,13,41,29,28,40,41,13,14,15,36,35,31,0
1195.00,1110.48,39,27,23,24,28,27,23,24,25,11,12,9,8,7,14,47,49,51,50,48,44,42
1257.54,1139.40,40,39,27,23,24,25,11,12,29,25,24,23,22,26,20,19,18,52,53,0,31,30
1382.58,1123.59,40,39,48,44,46,45,34,33,43,45,34,35,36,32,16,5,6,15,36,47,14,15
1462.27,1298.79,40,49,51,50,48,39,38,37,42,44,38,26,20,21,22,26,20,21,22,26,20,19
1451.36,1243.77,40,49,48,39,27,23,24,25,29,28,40,41,29,12,13,14,7,8,9,12,13,41
1445.62,1202.16,40,49,51,50,48,49,40,41,47,49,48,50,51,49,47,36,32,31,30,33,19,20
1771.04,1050.75,40,41,47,36,35,31,0,53,30,33,19,18,52,53,0,1,32,36,35,34,33,30
3285.22,2556.78,4,5,16,32,36,35,46,45,43,33,34,35,46,45,43,33,19,20,21,22,23,27
1439.94,1107.95,40,41,47,14,13,41,40,28,27,39,40,28,24,25,29,28,40,39,27,23,24,25
1416.64,808.51,40,28,29,41,47,14,7,8,13,41,47,14,15,36,32,31,35,36,32,31,0,1
1420.62,976.50,40,28,27,23,24,25,11,12,29,41,47,14,15,36,32,31,0,1,32,31,0,53
1425.47,1088.39,40,28,27,39,38,26,22,21,20,26,27,39,40,41,47,36,32,1,2,3,4,5
1483.84,1103.72,41,40,28,29,12,13,41,40,39,27,23,22,26,20,21,22,26,27,23,22,21,20
1594.20,1084.65,41,40,28,27,26,22,23,24,25,11,10,9,8,13,12,11,25,29,41,13,8,7
1676.97,1070.35,41,40,39,27,28,24,25,29,28,24,23,27,39,38,44,46,45,43,42,37,38,26
1718.92,1066.45,41,40,49,51,50,48,44,46,45,43,33,30,53,0,1,2,17,16,15,6,5,4
2368.03,942.62,41,13,8,9,10,11,12,9,8,13,12,9,10,11,12,29,25,11,12,13,8,7
2258.30,965.26,41,13,14,7,8,13,41,40,39,48,49,40,39,38,37,42,43,33,30,53,0,1
1663.05,3070.22,0,31,32,36,47,14,13,12,11,25,29,28,24,23,27,28,24,25,29,28,27,26
3290.42,2724.69,4,5,16,17,2,1,0,53,30,18,52,53,30,18,19,20,21,22,26,27,39,48
2244.51,967.68,41,13,14,15,6,5,16,17,2,3,4,5,6,7,8,9,10,11,25,29,41,40
1781.45,701.43,41,29,28,24,25,29,12,11,10,9,12,29,41,40,28,24,25,11,10,9,8,7
1867.40,1314.10,41,47,36,15,16,32,31,30,33,19,20,21,22,26,20,19,18,30,53,52,18,30
1856.01,1259.16,41,47,36,35,46,45,34,33,43,45,46,44,48,49,40,39,48,50,51,49,47,14
629.45,1216.36,42,37,38,39,27,28,24,25,11,10,9,12,11,10,9,8,13,12,11,25,29,12
635.23,1243.94,42,37,38,39,48,44,46,45,34,33,19,18,52,53,30,31,32,16,17,2,3,4
651.51,1425.21,42,37,38,39,48,49,40,41,29,25,11,12,13,41,29,12,9,10,11,25,24,28
996.15,1398.07,42,44,48,39,27,23,24,28,27,39,48,49,47,41,40,39,38,44,42,43,45,34
898.82,1409.93,42,44,46,45,34,35,36,32,31,30,33,19,20,21,22,26,27,39,40,28,24,23
703.28,1423.77,42,44,48,39,38,26,20,19,18,52,53,30,33,43,45,34,35,46,44,38,37,42
3293.03,2808.65,4,5,6,7,14,13,41,47,14,7,8,9,10,11,25,24,28,27,23,24,25,11
653.72,1483.88,43,42,44,38,39,48,49,51,50,48,44,46,35,31,32,16,5,4,3,2,17,16
691.47,1862.30,43,33,34,35,36,47,41,40,28,29,25,11,12,29,41,40,39,27,23,24,25,29
974.06,1603.93,43,45,34,35,46,45,43,33,30,18,19,20,26,27,23,22,26,20,19,18,52,53
960.18,1605.74,43,45,34,35,46,44,48,50,51,49,47,41,40,39,38,37,42,44,38,26,27,39
779.69,1629.26,43,45,34,33,19,18,52,53,0,31,30,18,52,53,0,31,30,18,52,53,0,31
943.71,1231.22,44,38,26,20,21,22,26,20,21,22,26,27,39,40,28,24,25,29,12,11,25,29
970.25,1280.53,44,38,37,42,44,48,49,40,41,29,25,11,12,29,25,11,10,9,12,11,25,29
1026.22,1377.59,44,38,26,27,39,48,50,51,49,47,14,15,16,17,4,3,2,17,4,3,2,17
694.05,1434.52,44,42,43,45,34,35,36,15,16,17,2,3,4,5,6,7,14,15,36,35,46,45
735.60,1427.55,44,42,37,38,26,22,21,20,26,27,28,40,39,48,49,51,50,48,49,47,14,13
3295.19,2878.62,4,5,16,15,14,7,8,9,12,29,25,24,28,40,41,29,28,40,39,48,50,51
805.33,1421.44,44,42,37,38,39,40,28,27,23,22,21,20,19,18,30,33,43,45,34,33,30,18
1067.91,1459.46,44,46,45,34,35,36,32,16,5,6,15,14,13,41,47,49,40,39,27,23,24,25
1217.12,1379.39,44,48,50,51,49,40,39,48,50,51,49,40,28,29,25,24,23,22,26,38,37,42
1091.43,1388.95,44,48,39,40,28,27,23,22,21,20,26,27,28,29,12,13,8,7,6,5,16,17
709.66,1645.04,45,43,33,30,53,52,18,19,33,34,45,46,44,42,37,38,26,22,21,20,26,27
737.00,1638.16,45,43,42,44,38,26,20,19,33,30,18,52,53,0,1,2,17,16,32,31,0,53
987.31,1608.86,45,43,33,19,20,21,22,23,24,28,27,26,38,39,27,26,38,44,48,39,27,28
1055.49,1828.94,45,34,33,19,18,52,53,30,31,32,36,15,16,32,1,0,53,30,31,32,16,17
1049.27,1759.14,45,34,35,36,32,16,17,2,1,0,31,32,36,35,31,30,53,52,18,30,31,35
1034.60,1676.36,45,34,33,43,42,44,38,37,42,43,33,19,18,52,53,30,18,19,20,26,22,23
3296.06,2906.60,4,5,6,7,14,15,36,35,31,32,16,5,6,15,14,13,41,29,28,40,49,48
1049.02,1544.54,45,46,44,42,37,38,26,27,28,29,12,9,10,11,25,29,12,9,8,13,12,11
1027.64,1580.69,45,46,44,42,37,38,44,42,37,38,26,20,19,33,43,45,34,35,46,45,34,35
1056.77,1442.24,46,44,48,49,51,50,48,44,46,45,43,33,19,20,21,22,23,24,28,40,39,27
1048.80,1557.87,46,45,43,33,34,35,36,32,16,5,6,15,36,47,41,29,28,40,49,48,44,38
1246.85,1805.77,46,35,31,32,16,15,14,47,49,40,39,38,37,42,43,33,19,20,26,38,37,42
1221.24,1755.96,46,35,36,15,16,5,4,17,16,5,6,15,14,47,41,13,14,47,36,15,16,17
1115.88,1558.26,46,35,34,45,46,35,34,33,43,45,34,35,31,0,1,32,16,5,4,3,2,17
1828.54,1094.41,47,41,29,25,11,10,9,8,7,6,15,16,17,4,3,2,17,16,15,14,13,41
1832.60,1122.11,47,41,29,25,11,10,9,8,13,41,47,49,48,39,40,49,47,36,35,31,32,1
1853.68,1288.82,47,41,40,28,27,26,38,44,48,39,27,23,22,26,27,28,29,12,9,10,11,25
2766.48,2193.99,5,16,32,36,47,41,13,12,11,10,9,8,13,12,29,28,27,39,38,44,48,49
1924.85,1708.40,47,36,32,31,35,36,32,31,30,33,34,45,43,33,34,35,31,30,33,34,45,46
1905.51,1583.89,47,36,32,31,0,53,30,18,52,53,0,1,32,31,35,46,44,48,49,51,50,48
1510.94,1349.47,47,49,51,50,48,39,27,23,22,26,20,21,22,26,27,39,38,44,46,45,34,35
1525.11,1347.04,47,49,40,28,29,41,13,8,7,6,15,16,32,1,0,53,30,33,19,18,52,53
1692.79,1357.46,47,49,48,44,38,39,27,28,40,41,13,8,9,10,11,12,13,8,7,14,47,36
1706.56,1361.63,47,49,48,50,51,49,48,50,51,49,47,41,29,12,9,10,11,25,29,12,13,41
1762.65,1361.80,47,49,40,39,38,26,27,23,24,28,40,49,47,14,7,6,15,36,32,31,35,36
1776.62,1362.67,47,49,40,39,27,28,29,25,11,10,9,8,7,14,15,16,32,31,35,34,33,30
2535.21,1428.36,47,14,7,6,5,16,32,31,35,34,33,19,20,21,22,23,24,28,27,23,22,21
2367.96,1412.47,47,14,15,16,5,4,17,16,32,1,2,17,4,3,2,1,0,53,30,33,19,20
2962.49,2196.76,5,16,32,31,30,18,52,53,0,31,32,1,2,17,16,5,6,15,14,47,36,32
2270.71,1399.91,47,14,13,41,40,39,48,44,46,45,43,33,30,18,52,53,0,31,32,36,47,49
2242.84,1397.27,47,14,7,8,9,10,11,12,9,10,11,25,24,28,40,49,48,50,51,49,47,41
2214.96,1394.62,47,14,7,8,13,41,29,25,24,28,27,39,48,44,38,37,42,43,33,34,35,46
1129.72,1394.98,48,44,42,43,45,34,35,46,45,43,42,37,38,39,48,50,51,49,48,39,40,41
1254.72,1378.85,48,44,42,37,38,26,22,21,20,19,33,43,42,44,48,39,27,23,24,28,27,26
1210.93,1192.50,48,39,38,44,48,39,38,26,27,28,40,39,27,23,22,21,20,19,33,43,45,34
1239.00,1300.92,48,39,38,44,48,50,51,49,47,14,15,36,47,49,40,41,47,36,35,46,45,43
1332.25,1584.29,48,50,51,49,47,14,15,36,47,49,48,39,40,41,29,12,11,10,9,8,13,41
1315.11,1530.98,48,50,51,49,47,41,40,28,27,23,22,26,38,44,42,43,33,19,18,30,31,32
1409.61,1345.84,48,49,40,39,27,26,22,21,20,26,22,23,27,28,29,41,13,8,7,14,13,8
3116.47,2193.04,5,16,15,36,47,14,7,6,5,4,17,16,32,1,2,3,4,17,2,1,32,31
1396.37,1351.50,48,49,51,50,48,39,27,26,22,23,24,25,11,10,9,12,13,14,47,41,40,28
1533.91,1565.61,49,51,50,48,49,40,28,24,25,29,41,13,8,9,10,11,25,29,12,11,10,9
1529.79,1552.23,49,51,50,48,49,51,50,48,49,40,39,27,23,22,26,27,28,29,12,9,10,11
1525.67,1538.86,49,51,50,48,49,40,39,27,28,29,41,13,14,7,6,5,16,32,1,0,31,32
1509.18,1485.34,49,51,50,48,49,51,50,48,44,38,37,42,43,45,46,35,31,0,1,32,36,35
1479.36,1377.33,49,51,50,48,44,42,37,38,44,42,37,38,26,20,19,33,43,42,37,38,26,20
1318.37,1371.77,49,48,50,51,49,40,41,13,8,9,12,13,8,9,12,29,41,40,39,48,49,40
1432.35,1154.18,49,40,39,27,28,24,25,29,41,13,8,7,14,13,12,9,10,11,25,24,23,27
1451.46,1292.86,49,40,39,27,28,24,23,22,21,20,19,18,30,53,52,18,19,33,30,53,52,18
1823.74,1358.99,49,47,41,40,28,24,23,27,28,24,25,29,12,11,10,9,12,13,41,29,12,11
3186.47,2192.85,5,16,32,31,35,46,45,43,42,44,46,45,43,42,37,38,44,42,43,33,34,45
1628.12,1346.83,49,47,14,7,8,13,41,40,28,29,41,47,14,15,16,5,6,7,8,9,12,11
1276.04,1431.06,50,48,44,42,43,33,19,18,30,53,0,1,2,17,4,5,6,15,36,35,34,33
1490.37,1611.46,50,51,49,48,50,51,49,40,39,38,37,42,43,33,34,45,46,44,48,50,51,49
1420.93,1620.25,50,51,49,40,39,48,44,46,35,31,30,18,52,53,30,33,43,45,34,33,43,45
1407.45,1625.28,50,51,49,47,36,35,34,33,19,18,52,53,0,31,30,18,19,20,21,22,26,38
1399.28,1629.64,51,50,48,39,40,28,24,23,27,28,24,25,11,12,9,8,13,14,47,41,13,14
1427.47,1629.40,51,50,48,44,46,45,43,33,34,45,46,44,42,37,38,44,46,35,34,33,43,42
1524.69,1617.09,51,50,48,39,38,37,42,43,33,19,20,21,22,23,24,25,11,10,9,12,13,8
1472.72,1389.38,51,49,48,39,27,26,22,21,20,19,18,30,53,52,18,30,53,0,31,32,16,5
1489.21,1442.89,51,49,48,39,38,44,46,35,34,33,30,18,52,53,30,31,35,46,44,38,37,42
3301.98,2884.43,5,4,17,16,5,4,3,2,17,4,3,2,17,4,3,2,1,0,53,30,33,19
529.89,3171.42,52,53,0,1,32,31,35,34,33,19,20,26,27,28,29,41,47,14,13,8,9,12
515.90,3171.15,52,53,30,31,32,16,15,14,47,36,32,1,0,31,35,46,44,48,50,51,49,40
361.92,3168.19,52,53,0,31,35,46,45,34,35,46,45,43,33,30,18,52,53,30,31,35,46,44
193.90,3168.26,52,53,0,1,2,3,4,5,16,15,14,13,41,29,25,11,10,9,8,13,41,29
165.96,3164.42,52,53,30,33,19,18,52,53,0,1,2,3,4,17,2,3,4,17,2,3,4,5
117.37,2685.99,52,18,30,31,32,16,5,6,15,14,7,6,15,16,5,6,15,14,13,12,29,28
116.91,2825.99,52,18,30,31,0,1,32,36,47,49,40,39,38,44,46,45,34,35,46,44,42,43
116.58,2923.99,52,18,19,33,30,18,19,20,21,22,26,27,28,29,12,9,10,11,25,24,23,22
116.31,3007.99,52,18,30,31,32,1,0,31,35,36,47,41,29,12,9,10,11,25,29,28,40,49
306.48,3177.02,53,52,18,19,20,21,22,26,27,39,38,44,46,35,36,32,1,0,53,30,18,52
3298.07,2758.49,5,4,3,2,17,4,5,16,15,14,13,41,40,28,27,23,24,25,29,28,24,25
544.49,3178.30,53,52,18,19,33,34,45,43,42,37,38,44,42,43,33,19,20,26,22,21,20,26
656.47,3180.45,53,52,18,30,31,35,34,33,19,20,26,27,39,40,49,51,50,48,39,40,41,29
908.42,3185.30,53,52,18,30,53,52,18,19,33,30,53,52,18,19,20,21,22,26,20,19,18,30
1470.63,3195.72,53,0,1,2,17,4,3,2,1,0,31,30,53,0,1,2,17,16,32,1,2,17
1442.54,3198.17,53,0,1,2,3,4,5,16,17,2,1,0,53,52,18,19,20,26,38,39,40,28
1050.82,3182.93,53,0,31,32,36,47,41,40,39,48,50,51,49,40,28,29,25,24,28,27,26,38
827.76,2692.56,53,30,18,19,20,21,22,26,20,19,33,34,45,46,44,42,43,45,34,35,36,32
859.69,2857.54,53,30,33,43,42,44,48,39,40,28,27,26,20,21,22,23,27,26,20,21,22,23
885.11,3023.64,53,30,18,19,33,43,42,44,38,26,22,23,27,28,24,23,22,26,38,39,27,28
904.23,3134.00,53,30,18,19,33,34,45,46,44,42,37,38,39,27,26,38,37,42,43,33,19,20
1708.39,3172.64,0,31,32,36,15,16,17,2,3,4,17,16,15,14,13,41,29,25,24,23,27,26
3294.17,2632.55,5,4,3,2,1,0,31,35,46,44,42,43,45,46,44,48,49,51,50,48,39,38
3293.74,2618.56,5,4,17,2,3,4,17,16,15,36,35,31,0,1,32,16,5,6,7,8,13,12
3287.23,2408.66,5,4,3,2,17,4,3,2,1,32,36,35,31,32,1,0,31,30,53,0,1,32
3254.79,1805.31,5,6,15,36,32,31,35,34,33,43,42,37,38,26,27,23,22,21,20,26,27,28
3258.25,1875.22,5,6,15,14,7,6,5,4,3,2,1,32,31,0,53,30,31,35,46,44,42,37
3261.02,1931.15,5,6,7,8,13,14,15,16,5,4,3,2,1,0,53,30,18,19,33,34,45,46
2745.29,1725.21,6,15,16,5,4,3,2,1,32,16,17,2,1,0,53,52,18,30,53,52,18,30
2843.29,1728.62,6,15,14,47,36,35,31,0,1,2,3,4,17,16,15,14,7,8,9,10,11,12
3122.64,1747.75,6,15,14,7,8,13,12,11,10,9,12,11,25,24,28,40,41,47,36,35,34,45
3192.47,1752.53,6,15,14,13,8,9,10,11,12,9,8,7,14,13,12,29,28,40,39,27,23,24
2081.70,3212.80,0,1,32,36,47,14,7,8,9,12,13,41,47,14,15,16,5,4,17,2,3,4
3277.96,2140.09,6,5,16,15,36,47,41,40,49,48,44,38,37,42,44,38,26,27,39,38,44,42
3270.35,1986.28,6,5,4,3,2,17,4,5,16,15,36,32,16,17,4,5,6,7,8,9,12,13
3268.97,1958.31,6,5,16,17,4,3,2,17,4,5,16,32,1,0,31,30,53,0,31,32,36,47
3263.43,1846.45,6,5,4,3,2,17,16,5,4,3,2,17,16,15,6,7,8,13,12,11,25,24
3259.97,1776.53,6,5,16,17,4,5,16,15,36,32,31,30,53,52,18,19,20,21,22,23,24,28
3236.10,1397.08,6,7,14,47,41,13,8,9,12,11,25,29,41,47,36,35,34,33,30,31,35,46
3241.17,1508.96,6,7,8,13,41,40,39,48,49,47,41,40,28,24,25,11,10,9,8,7,14,15
3256.68,1705.78,7,6,15,16,32,31,30,33,19,20,26,38,39,27,26,22,23,27,26,20,21,22
3256.05,1691.80,7,6,5,4,3,2,17,4,5,6,15,16,32,1,0,53,30,18,19,20,26,22
2705.06,1434.74,7,14,13,41,47,36,35,34,33,43,45,34,35,36,15,6,5,16,17,4,5,6
2067.70,3212.43,0,1,32,36,35,46,45,43,42,44,38,37,42,44,46,35,31,30,53,52,18,30
2801.82,1419.21,7,14,13,8,7,6,15,36,32,1,2,3,4,17,2,1,32,16,17,2,1,0
2829.47,1414.77,7,14,47,41,29,28,24,23,27,26,20,21,22,26,38,44,42,43,45,46,35,36
2912.92,1404.71,7,14,15,6,5,16,15,36,47,49,51,50,48,39,38,26,22,21,20,19,33,43
2940.05,1397.02,7,14,13,12,9,10,11,25,29,12,13,8,9,12,11,25,29,41,13,14,7,8
3051.15,1382.52,7,14,15,6,5,4,17,2,1,0,53,52,18,19,33,43,42,44,46,45,34,33
3175.04,1359.30,7,14,13,41,40,39,27,26,38,39,27,28,29,25,11,12,29,28,40,39,48,50
3215.70,864.61,7,8,9,12,29,41,40,39,48,49,47,14,13,8,9,10,11,25,24,23,22,21
3218.33,934.56,7,8,9,10,11,25,29,12,13,8,7,14,47,36,35,46,45,43,33,34,35,46
3226.75,1158.41,7,8,13,41,29,28,24,25,29,12,11,10,9,12,11,10,9,12,11,25,24,28
3229.90,1242.35,7,8,13,14,47,49,51,50,48,39,38,26,27,39,40,49,47,36,35,31,32,16
1969.74,3209.87,0,1,2,17,4,5,6,7,8,13,14,7,8,9,12,11,10,9,12,11,25,29
2615.45,910.28,8,13,14,15,6,7,8,9,12,29,41,13,12,29,28,27,23,24,25,29,28,27
2656.50,900.78,8,13,12,29,28,24,25,29,12,9,8,13,14,7,8,9,10,11,12,29,41,47
2698.04,894.55,8,13,12,9,8,13,41,40,28,24,25,11,12,13,14,7,8,13,12,11,10,9
2781.11,882.09,8,13,12,29,25,24,23,27,28,24,23,27,26,20,19,33,43,45,34,35,36,32
3127.24,830.17,8,13,12,9,8,13,41,40,39,48,49,51,50,48,44,42,43,45,46,35,36,15
3210.31,817.71,8,13,12,11,25,24,28,27,26,22,21,20,19,18,30,53,0,31,32,36,15,14
3238.64,1299.20,8,7,6,5,16,15,14,13,8,9,12,13,41,29,28,40,49,48,39,40,49,48
3222.35,865.49,8,7,14,13,41,47,49,40,39,48,49,51,50,48,44,46,45,43,42,37,38,39
3221.82,851.50,8,7,14,15,16,5,6,15,16,17,2,1,32,36,47,49,48,39,27,28,24,25
3201.86,513.83,8,9,12,11,25,24,28,40,49,48,44,46,35,34,33,19,18,30,33,43,42,37
